{
  "total_queries": 500,
  "processing_time": {
    "index.chunking": 8.84023118019104,
    "retrieval": 575.7134006023407,
    "generation": 227.33051586151123
  },
  "memory_usage": {
    "index.chunking": 0.0,
    "retrieval": 0.0,
    "generation": 0.0
  },
  "generation": {
    "rouge1": {
      "precision": {
        "mean": 0.11687667285606461,
        "std": 0.2691665091112714,
        "median": 0.0,
        "q1": 0.0,
        "q3": 0.0,
        "min": 0.0,
        "max": 1.0
      },
      "recall": {
        "mean": 0.1076387974114932,
        "std": 0.25931723527082035,
        "median": 0.0,
        "q1": 0.0,
        "q3": 0.0,
        "min": 0.0,
        "max": 1.0
      },
      "fmeasure": {
        "mean": 0.10254449741205408,
        "std": 0.2460069333927906,
        "median": 0.0,
        "q1": 0.0,
        "q3": 0.0,
        "min": 0.0,
        "max": 1.0
      }
    },
    "rouge2": {
      "precision": {
        "mean": 0.047769610505874555,
        "std": 0.19972880073178864,
        "median": 0.0,
        "q1": 0.0,
        "q3": 0.0,
        "min": 0.0,
        "max": 1.0
      },
      "recall": {
        "mean": 0.04272517206792181,
        "std": 0.18580707359041207,
        "median": 0.0,
        "q1": 0.0,
        "q3": 0.0,
        "min": 0.0,
        "max": 1.0
      },
      "fmeasure": {
        "mean": 0.04241804512603886,
        "std": 0.1839545084007226,
        "median": 0.0,
        "q1": 0.0,
        "q3": 0.0,
        "min": 0.0,
        "max": 1.0
      }
    },
    "rougeL": {
      "precision": {
        "mean": 0.11141093383839154,
        "std": 0.26268063099776523,
        "median": 0.0,
        "q1": 0.0,
        "q3": 0.0,
        "min": 0.0,
        "max": 1.0
      },
      "recall": {
        "mean": 0.10352049393949936,
        "std": 0.25423634627585157,
        "median": 0.0,
        "q1": 0.0,
        "q3": 0.0,
        "min": 0.0,
        "max": 1.0
      },
      "fmeasure": {
        "mean": 0.09820222625723034,
        "std": 0.24084706408980114,
        "median": 0.0,
        "q1": 0.0,
        "q3": 0.0,
        "min": 0.0,
        "max": 1.0
      }
    },
    "bleu": {
      "mean": 0.018316233770215223,
      "std": 0.07062822055136532,
      "median": 0.0,
      "q1": 0.0,
      "q3": 0.0,
      "min": 0.0,
      "max": 1.0000000000000004
    },
    "cosine_sim": {
      "mean": 0.2019158644117997,
      "std": 0.26317802244222027,
      "median": 0.10522451624274254,
      "q1": 0.0697654839605093,
      "q3": 0.16014860942959785,
      "min": -0.07345513999462128,
      "max": 1.0000001192092896
    },
    "self_checker": null,
    "self_checker_accuracy": 0.09
  },
  "retrieval": {
    "map": {
      "1": {
        "mean": 0.734,
        "std": 0.4423067606775666,
        "median": 1.0,
        "q1": 0.0,
        "q3": 1.0,
        "min": 0.0,
        "max": 1.0
      },
      "3": {
        "mean": 0.7651666666666668,
        "std": 0.38912727289856125,
        "median": 1.0,
        "q1": 0.5833333333333333,
        "q3": 1.0,
        "min": 0.0,
        "max": 1.0
      },
      "5": {
        "mean": 0.7583777777777777,
        "std": 0.3700303002699112,
        "median": 1.0,
        "q1": 0.6791666666666667,
        "q3": 1.0,
        "min": 0.0,
        "max": 1.0
      },
      "10": {
        "mean": 0.7277251571554548,
        "std": 0.3455021885967448,
        "median": 0.8962549603174603,
        "q1": 0.5972222222222222,
        "q3": 1.0,
        "min": 0.0,
        "max": 1.0
      }
    },
    "mrr": {
      "1": {
        "mean": 0.734,
        "std": 0.4423067606775666,
        "median": 1.0,
        "q1": 0.0,
        "q3": 1.0,
        "min": 0.0,
        "max": 1.0
      },
      "3": {
        "mean": 0.7723333333333333,
        "std": 0.39423746612000077,
        "median": 1.0,
        "q1": 0.5,
        "q3": 1.0,
        "min": 0.0,
        "max": 1.0
      },
      "5": {
        "mean": 0.7785333333333333,
        "std": 0.3836421804824003,
        "median": 1.0,
        "q1": 0.5,
        "q3": 1.0,
        "min": 0.0,
        "max": 1.0
      },
      "10": {
        "mean": 0.7838444444444445,
        "std": 0.3736161316040641,
        "median": 1.0,
        "q1": 0.5,
        "q3": 1.0,
        "min": 0.0,
        "max": 1.0
      }
    },
    "hit": {
      "1": {
        "mean": 0.734,
        "std": 0.4423067606775666,
        "median": 1.0,
        "q1": 0.0,
        "q3": 1.0,
        "min": 0.0,
        "max": 1.0
      },
      "3": {
        "mean": 0.82,
        "std": 0.3845722189435507,
        "median": 1.0,
        "q1": 1.0,
        "q3": 1.0,
        "min": 0.0,
        "max": 1.0
      },
      "5": {
        "mean": 0.848,
        "std": 0.35938045107828903,
        "median": 1.0,
        "q1": 1.0,
        "q3": 1.0,
        "min": 0.0,
        "max": 1.0
      },
      "10": {
        "mean": 0.888,
        "std": 0.31568229380382185,
        "median": 1.0,
        "q1": 1.0,
        "q3": 1.0,
        "min": 0.0,
        "max": 1.0
      }
    },
    "llm_eval": {
      "1": 0.084,
      "3": 0.152,
      "5": 0.21,
      "10": 0.258
    }
  }
}