{
  "total_queries": 615,
  "processing_time": {
    "indexing": 529.5465769767761,
    "index.chunking": 1.8377702236175537,
    "retrieval": 4163.323116064072,
    "generation": 317.8650827407837
  },
  "memory_usage": {
    "indexing": 0.0,
    "index.chunking": 0.0,
    "retrieval": 0.0,
    "generation": 0.0
  },
  "generation": {
    "rouge1": {
      "precision": {
        "mean": 0.15979668485229595,
        "std": 0.20964228584146508,
        "median": 0.09090909090909091,
        "q1": 0.0,
        "q3": 0.21428571428571427,
        "min": 0.0,
        "max": 1.0
      },
      "recall": {
        "mean": 0.18578613430274415,
        "std": 0.2224447399772227,
        "median": 0.12,
        "q1": 0.0,
        "q3": 0.2656862745098039,
        "min": 0.0,
        "max": 1.0
      },
      "fmeasure": {
        "mean": 0.1429303022826457,
        "std": 0.1736561042511605,
        "median": 0.09803921568627452,
        "q1": 0.0,
        "q3": 0.2,
        "min": 0.0,
        "max": 1.0
      }
    },
    "rouge2": {
      "precision": {
        "mean": 0.038284563195082034,
        "std": 0.11973259685338143,
        "median": 0.0,
        "q1": 0.0,
        "q3": 0.0,
        "min": 0.0,
        "max": 1.0
      },
      "recall": {
        "mean": 0.045340462161156406,
        "std": 0.12812836944763012,
        "median": 0.0,
        "q1": 0.0,
        "q3": 0.0,
        "min": 0.0,
        "max": 1.0
      },
      "fmeasure": {
        "mean": 0.034797194614681275,
        "std": 0.09966792619165275,
        "median": 0.0,
        "q1": 0.0,
        "q3": 0.0,
        "min": 0.0,
        "max": 1.0
      }
    },
    "rougeL": {
      "precision": {
        "mean": 0.13581993574947418,
        "std": 0.18818277296106567,
        "median": 0.07692307692307693,
        "q1": 0.0,
        "q3": 0.17647058823529413,
        "min": 0.0,
        "max": 1.0
      },
      "recall": {
        "mean": 0.15624307600982495,
        "std": 0.1936037779343523,
        "median": 0.1,
        "q1": 0.0,
        "q3": 0.21052631578947367,
        "min": 0.0,
        "max": 1.0
      },
      "fmeasure": {
        "mean": 0.11961814918410353,
        "std": 0.1505850141276463,
        "median": 0.08695652173913043,
        "q1": 0.0,
        "q3": 0.15936507936507938,
        "min": 0.0,
        "max": 1.0
      }
    },
    "bleu": {
      "mean": 0.025970898321559653,
      "std": 0.05538327926711792,
      "median": 0.012753998269755913,
      "q1": 0.0,
      "q3": 0.025927220369418164,
      "min": 0.0,
      "max": 0.5169731539571708
    },
    "cosine_sim": {
      "mean": 0.3383006288876333,
      "std": 0.22047804560304196,
      "median": 0.31617555022239685,
      "q1": 0.15120692551136017,
      "q3": 0.4982758015394211,
      "min": -0.10573865473270416,
      "max": 1.0
    },
    "self_checker": null,
    "self_checker_accuracy": 0.13658536585365855
  },
  "retrieval": {
    "map": {},
    "mrr": {},
    "hit": {},
    "llm_eval": {
      "1": 0.07317073170731707,
      "3": 0.14959349593495935,
      "5": 0.216260162601626
    }
  }
}