{
  "total_queries": 500,
  "processing_time": {
    "index.chunking": 30.864181518554688,
    "index.doc_summary": 3851.4574921131134,
    "retrieval": 793.8718943595886
  },
  "memory_usage": {
    "index.chunking": 0.0,
    "index.doc_summary": 0.0,
    "retrieval": 0.0
  },
  "generation": null,
  "retrieval": {
    "map": {
      "1": {
        "mean": 0.638,
        "std": 0.481060118566641,
        "median": 1.0,
        "q1": 0.0,
        "q3": 1.0,
        "min": 0.0,
        "max": 1.0
      },
      "3": {
        "mean": 0.718,
        "std": 0.3763987496048238,
        "median": 1.0,
        "q1": 0.5,
        "q3": 1.0,
        "min": 0.0,
        "max": 1.0
      },
      "5": {
        "mean": 0.7079805555555556,
        "std": 0.3340448477031723,
        "median": 0.8333333333333333,
        "q1": 0.5,
        "q3": 1.0,
        "min": 0.0,
        "max": 1.0
      },
      "10": {
        "mean": 0.6751074067775258,
        "std": 0.2966899272694042,
        "median": 0.7498299319727891,
        "q1": 0.5,
        "q3": 0.9347842261904762,
        "min": 0.0,
        "max": 1.0
      }
    },
    "mrr": {
      "1": {
        "mean": 0.638,
        "std": 0.481060118566641,
        "median": 1.0,
        "q1": 0.0,
        "q3": 1.0,
        "min": 0.0,
        "max": 1.0
      },
      "3": {
        "mean": 0.7286666666666666,
        "std": 0.3880312456572586,
        "median": 1.0,
        "q1": 0.5,
        "q3": 1.0,
        "min": 0.0,
        "max": 1.0
      },
      "5": {
        "mean": 0.7437666666666667,
        "std": 0.36303161250935173,
        "median": 1.0,
        "q1": 0.5,
        "q3": 1.0,
        "min": 0.0,
        "max": 1.0
      },
      "10": {
        "mean": 0.7497103174603174,
        "std": 0.35180804931612214,
        "median": 1.0,
        "q1": 0.5,
        "q3": 1.0,
        "min": 0.0,
        "max": 1.0
      }
    },
    "hit": {
      "1": {
        "mean": 0.638,
        "std": 0.481060118566641,
        "median": 1.0,
        "q1": 0.0,
        "q3": 1.0,
        "min": 0.0,
        "max": 1.0
      },
      "3": {
        "mean": 0.832,
        "std": 0.3742407142795248,
        "median": 1.0,
        "q1": 1.0,
        "q3": 1.0,
        "min": 0.0,
        "max": 1.0
      },
      "5": {
        "mean": 0.898,
        "std": 0.30295141379144686,
        "median": 1.0,
        "q1": 1.0,
        "q3": 1.0,
        "min": 0.0,
        "max": 1.0
      },
      "10": {
        "mean": 0.94,
        "std": 0.23772468540751973,
        "median": 1.0,
        "q1": 1.0,
        "q3": 1.0,
        "min": 0.0,
        "max": 1.0
      }
    },
    "llm_eval": {
      "1": 0.08,
      "3": 0.188,
      "5": 0.262,
      "10": 0.366
    }
  }
}