{
  "total_queries": 615,
  "processing_time": {
    "indexing": 1063.8495557308197,
    "index.chunking": 4.478257179260254,
    "retrieval": 4100.805753469467,
    "generation": 342.2521493434906
  },
  "memory_usage": {
    "indexing": 0.0,
    "index.chunking": 0.0,
    "retrieval": 0.0,
    "generation": 0.0
  },
  "generation": {
    "rouge1": {
      "precision": {
        "mean": 0.1635695873209687,
        "std": 0.2073438740353623,
        "median": 0.0967741935483871,
        "q1": 0.0,
        "q3": 0.21739130434782608,
        "min": 0.0,
        "max": 1.0
      },
      "recall": {
        "mean": 0.20028765939402457,
        "std": 0.22489824481152265,
        "median": 0.13559322033898305,
        "q1": 0.0,
        "q3": 0.3,
        "min": 0.0,
        "max": 1.0
      },
      "fmeasure": {
        "mean": 0.15038208764978164,
        "std": 0.17394444377241558,
        "median": 0.10638297872340426,
        "q1": 0.0,
        "q3": 0.21276595744680854,
        "min": 0.0,
        "max": 1.0
      }
    },
    "rouge2": {
      "precision": {
        "mean": 0.04611870856559009,
        "std": 0.13403515677978048,
        "median": 0.0,
        "q1": 0.0,
        "q3": 0.021980676328502417,
        "min": 0.0,
        "max": 1.0
      },
      "recall": {
        "mean": 0.052315803754633516,
        "std": 0.13792611514850947,
        "median": 0.0,
        "q1": 0.0,
        "q3": 0.02766445690973993,
        "min": 0.0,
        "max": 1.0
      },
      "fmeasure": {
        "mean": 0.04069937685408476,
        "std": 0.10930736700368421,
        "median": 0.0,
        "q1": 0.0,
        "q3": 0.02817460317460318,
        "min": 0.0,
        "max": 1.0
      }
    },
    "rougeL": {
      "precision": {
        "mean": 0.1375761455058478,
        "std": 0.18803767046748515,
        "median": 0.07692307692307693,
        "q1": 0.0,
        "q3": 0.17857142857142858,
        "min": 0.0,
        "max": 1.0
      },
      "recall": {
        "mean": 0.16445213405691603,
        "std": 0.19544845828712293,
        "median": 0.1111111111111111,
        "q1": 0.0,
        "q3": 0.23076923076923078,
        "min": 0.0,
        "max": 1.0
      },
      "fmeasure": {
        "mean": 0.12465054261036283,
        "std": 0.15501765904301346,
        "median": 0.08695652173913043,
        "q1": 0.0,
        "q3": 0.1644144144144144,
        "min": 0.0,
        "max": 1.0
      }
    },
    "bleu": {
      "mean": 0.02524251772238963,
      "std": 0.055668783096879185,
      "median": 0.012090878038257867,
      "q1": 0.0,
      "q3": 0.02239839823942111,
      "min": 0.0,
      "max": 0.7985145893632312
    },
    "cosine_sim": {
      "mean": 0.3545292866606042,
      "std": 0.22118169053586217,
      "median": 0.3391548693180084,
      "q1": 0.17531448602676392,
      "q3": 0.5016165971755981,
      "min": -0.06267746537923813,
      "max": 1.0
    },
    "self_checker": null,
    "self_checker_accuracy": 0.16097560975609757
  },
  "retrieval": {
    "map": {},
    "mrr": {},
    "hit": {},
    "llm_eval": {
      "1": 0.15934959349593497,
      "3": 0.26991869918699185,
      "5": 0.34796747967479674
    }
  }
}