{
  "total_queries": 615,
  "processing_time": {
    "indexing": 523.2974090576172,
    "index.chunking": 1.4853582382202148,
    "index.vectorstore": 428.7222967147827,
    "retrieval": 29.87841248512268,
    "generation": 322.94564962387085
  },
  "memory_usage": {
    "indexing": 0.0,
    "index.chunking": 0.0,
    "index.vectorstore": 0.0,
    "retrieval": 0.0,
    "generation": 0.0
  },
  "generation": {
    "rouge1": {
      "precision": {
        "mean": 0.15416358065953434,
        "std": 0.20431883262159253,
        "median": 0.08695652173913043,
        "q1": 0.0,
        "q3": 0.20294117647058824,
        "min": 0.0,
        "max": 1.0
      },
      "recall": {
        "mean": 0.1807468349439488,
        "std": 0.21531254172543782,
        "median": 0.1111111111111111,
        "q1": 0.0,
        "q3": 0.26666666666666666,
        "min": 0.0,
        "max": 1.0
      },
      "fmeasure": {
        "mean": 0.13728844036417984,
        "std": 0.16509157714443945,
        "median": 0.09523809523809523,
        "q1": 0.0,
        "q3": 0.1935483870967742,
        "min": 0.0,
        "max": 1.0
      }
    },
    "rouge2": {
      "precision": {
        "mean": 0.03583195624715932,
        "std": 0.10882246369207754,
        "median": 0.0,
        "q1": 0.0,
        "q3": 0.0,
        "min": 0.0,
        "max": 1.0
      },
      "recall": {
        "mean": 0.04310134233440386,
        "std": 0.11942101014778181,
        "median": 0.0,
        "q1": 0.0,
        "q3": 0.0,
        "min": 0.0,
        "max": 1.0
      },
      "fmeasure": {
        "mean": 0.03262271610803021,
        "std": 0.09050187415067054,
        "median": 0.0,
        "q1": 0.0,
        "q3": 0.0,
        "min": 0.0,
        "max": 1.0
      }
    },
    "rougeL": {
      "precision": {
        "mean": 0.13114336855181358,
        "std": 0.1847064432023065,
        "median": 0.07142857142857142,
        "q1": 0.0,
        "q3": 0.16666666666666666,
        "min": 0.0,
        "max": 1.0
      },
      "recall": {
        "mean": 0.1507982511546956,
        "std": 0.18756342731109032,
        "median": 0.1,
        "q1": 0.0,
        "q3": 0.2,
        "min": 0.0,
        "max": 1.0
      },
      "fmeasure": {
        "mean": 0.1147026880765954,
        "std": 0.14403870557213314,
        "median": 0.08163265306122448,
        "q1": 0.0,
        "q3": 0.15384615384615385,
        "min": 0.0,
        "max": 1.0
      }
    },
    "bleu": {
      "mean": 0.024204058401029478,
      "std": 0.049723639403035744,
      "median": 0.012413584734794654,
      "q1": 0.0,
      "q3": 0.025502519540844353,
      "min": 0.0,
      "max": 0.5133450480401706
    },
    "cosine_sim": {
      "mean": 0.34056275303331696,
      "std": 0.21857691360250073,
      "median": 0.3211016356945038,
      "q1": 0.16400860249996185,
      "q3": 0.4876876622438431,
      "min": -0.12521924078464508,
      "max": 1.0
    },
    "self_checker": null,
    "self_checker_accuracy": 0.15121951219512195
  },
  "retrieval": {
    "map": {},
    "mrr": {},
    "hit": {},
    "llm_eval": {
      "1": 0.08292682926829269,
      "3": 0.16585365853658537,
      "5": 0.216260162601626
    }
  }
}